{"cameraMode":{"drawMode":0,"name":"Shaded","section":"Shading Mode"},"sceneLighting":true,"audioPlay":false,"sceneViewState":{"showFog":true,"showMaterialUpdate":true,"showSkybox":true,"showFlares":true,"showImageEffects":true,"showParticleSystems":true},"in2DMode":false,"pivot":{"x":853.7493896484375,"y":454.3905944824219,"z":153.15139770507813},"rotation":{"x":-0.21415860950946809,"y":0.27742865681648257,"z":-0.0635848119854927,"w":-0.9344123601913452},"size":322.52862548828127,"orthographic":false}